{"cameraMode":{"drawMode":0,"name":"Shaded","section":"Shading Mode"},"sceneLighting":false,"audioPlay":false,"sceneViewState":{"m_AlwaysRefresh":false,"showFog":true,"showSkybox":true,"showFlares":true,"showImageEffects":true,"showParticleSystems":true,"showVisualEffectGraphs":true,"m_FxEnabled":true},"in2DMode":false,"pivot":{"x":-0.7412156462669373,"y":2.4021685123443605,"z":-18.673168182373048},"rotation":{"x":0.0016214334173128009,"y":0.9982731342315674,"z":0.05914813280105591,"w":-0.020642654970288278},"size":12.9699125289917,"orthographic":false}