{"cameraMode":{"drawMode":0,"name":"Shaded","section":"Shading Mode"},"sceneLighting":false,"audioPlay":false,"sceneViewState":{"m_AlwaysRefresh":false,"showFog":true,"showSkybox":true,"showFlares":true,"showImageEffects":true,"showParticleSystems":true,"showVisualEffectGraphs":true,"m_FxEnabled":true},"in2DMode":false,"pivot":{"x":-1.8568873405456544,"y":-3.9112372398376467,"z":-22.982797622680665},"rotation":{"x":0.0020591316279023887,"y":-0.9963551163673401,"z":0.0817444697022438,"w":0.040267325937747958},"size":12.683916091918946,"orthographic":false}