{"cameraMode":{"drawMode":0,"name":"Shaded","section":"Shading Mode"},"sceneLighting":false,"audioPlay":false,"sceneViewState":{"m_AlwaysRefresh":false,"showFog":true,"showSkybox":true,"showFlares":true,"showImageEffects":true,"showParticleSystems":true,"showVisualEffectGraphs":true,"m_FxEnabled":true},"in2DMode":false,"pivot":{"x":-16.57841682434082,"y":1.7874692678451539,"z":-10.957595825195313},"rotation":{"x":0.04032088816165924,"y":0.8772498369216919,"z":0.07382020354270935,"w":-0.4731801748275757},"size":16.064882278442384,"orthographic":false}