{"cameraMode":{"drawMode":0,"name":"Shaded","section":"Shading Mode"},"sceneLighting":false,"audioPlay":false,"sceneViewState":{"m_AlwaysRefresh":false,"showFog":true,"showSkybox":true,"showFlares":true,"showImageEffects":true,"showParticleSystems":true,"showVisualEffectGraphs":true,"m_FxEnabled":true},"in2DMode":false,"pivot":{"x":1.8171862363815308,"y":-4.9521074295043949,"z":-10.241949081420899},"rotation":{"x":0.020823072642087938,"y":0.9723414778709412,"z":-0.21315808594226838,"w":0.09490422904491425},"size":7.886302471160889,"orthographic":false}