{"cameraMode":{"drawMode":0,"name":"Shaded","section":"Shading Mode"},"sceneLighting":false,"audioPlay":false,"sceneViewState":{"m_AlwaysRefresh":false,"showFog":true,"showSkybox":true,"showFlares":true,"showImageEffects":true,"showParticleSystems":true,"showVisualEffectGraphs":true,"m_FxEnabled":true},"in2DMode":false,"pivot":{"x":1.226611852645874,"y":-0.4501993656158447,"z":-25.19794273376465},"rotation":{"x":0.0006597724859602749,"y":1.0000752210617066,"z":-0.010803397744894028,"w":0.017299668863415719},"size":16.064882278442384,"orthographic":false}