{"cameraMode":{"drawMode":0,"name":"Shaded","section":"Shading Mode"},"sceneLighting":false,"audioPlay":false,"sceneViewState":{"m_AlwaysRefresh":false,"showFog":true,"showSkybox":true,"showFlares":true,"showImageEffects":true,"showParticleSystems":true,"showVisualEffectGraphs":true,"m_FxEnabled":true},"in2DMode":false,"pivot":{"x":0.9824751019477844,"y":0.12811511754989625,"z":-10.504009246826172},"rotation":{"x":0.00021095090778544545,"y":0.9990322589874268,"z":-0.003804929554462433,"w":0.04628782346844673},"size":7.324926853179932,"orthographic":false}