{"cameraMode":{"drawMode":0,"name":"Shaded","section":"Shading Mode"},"sceneLighting":false,"audioPlay":false,"sceneViewState":{"m_AlwaysRefresh":false,"showFog":true,"showSkybox":true,"showFlares":true,"showImageEffects":true,"showParticleSystems":true,"showVisualEffectGraphs":true,"m_FxEnabled":true},"in2DMode":false,"pivot":{"x":-0.5201802253723145,"y":-0.027884379029273988,"z":-3.275118350982666},"rotation":{"x":-0.0035590510815382005,"y":0.9964600205421448,"z":-0.06166955828666687,"w":-0.05755917355418205},"size":1.9958044290542603,"orthographic":false}